email,first_name,last_name,phone,region,registration_date,opt_out,source,email_raw,email_valid,source_priority,sources,source_count
customer408@gmail.com,Pat,Martínez,5551234567,EU,2021-06-01,False,crm,customer408@gmail.com,True,1,"crm,website",2
customer546@gmail.com,Jane,Jones,+442079460958,EU,2021-12-01,True,crm,customer546@gmail.com,True,1,"crm,website,erp",3
customer37@yahoo.com,Maria,López,+442079460958,US,2022-09-01,False,crm,customer37@yahoo.com,True,1,"crm,website",2
customer583@yahoo.com,Alex,Wang,+15551234567,US,2021-02-01,False,crm,customer583@yahoo.com,True,1,"crm,website,erp",3
customer556@yahoo.com,François,Johnson,+15551234567,US,2020-07-01,False,crm,customer556@yahoo.com,True,1,"crm,website,erp",3
customer440@company.com,André,González,5551234567,US,2023-09-01,False,crm,customer440@company.com,True,1,"crm,website",2
customer586@yahoo.com,Pat,López,02079460958,US,2021-06-01,False,crm,customer586@yahoo.com,True,1,"crm,website",2
customer116@company.com,Léa,Garcia,+442079460958,APAC,2021-04-01,False,crm,customer116@company.com,True,1,"crm,website",2
customer335@company.com,Mike,Jones,+442079460958,EU,2022-03-01,False,crm,customer335@company.com,True,1,"crm,erp",2
customer692@company.com,Chris,Brown,+15551234567,US,2020-08-01,False,crm,customer692@company.com,True,1,"crm,website",2
customer441@gmail.com,Müller,Díaz,+81312345678,APAC,2020-04-01,True,crm,customer441@gmail.com,True,1,crm,1
customer347@company.com,Müller,Garcia,02079460958,EU,2021-11-01,False,crm,customer347@company.com,True,1,"crm,erp",2
customer261@gmail.com,Mike,López,+15551234567,EU,2020-02-01,False,crm,customer261@gmail.com,True,1,"crm,website",2
customer478@yahoo.com,François,Jones,+81312345678,EU,2023-04-01,False,crm,customer478@yahoo.com,True,1,"crm,website",2
customer482@company.com,Léa,Kim,+442079460958,EU,2020-05-01,False,crm,customer482@company.com,True,1,"crm,website",2
customer730@yahoo.com,Alex,Williams,02079460958,EU,2020-08-01,True,crm,customer730@yahoo.com,True,1,"crm,website,erp",3
customer0@gmail.com,Müller,Kim,02079460958,EU,2020-10-01,True,crm,customer0@gmail.com,True,1,"crm,website",2
customer463@yahoo.com,Mike,Kim,5551234567,US,2021-11-01,False,crm,customer463@yahoo.com,True,1,"crm,erp",2
customer704@company.com,André,López,,EU,2023-09-01,False,crm,customer704@company.com,True,1,crm,1
customer532@yahoo.com,Alex,López,+442079460958,US,2022-03-01,True,crm,customer532@yahoo.com,True,1,"crm,website",2
customer448@yahoo.com,Alex,Garcia,,APAC,2021-03-01,False,crm,customer448@yahoo.com,True,1,crm,1
customer81@gmail.com,Maria,Williams,+442079460958,EU,2021-10-01,True,crm,customer81@gmail.com,True,1,"crm,website,erp",3
customer465@gmail.com,André,González,5551234567,US,2020-09-01,True,crm,customer465@gmail.com,True,1,"crm,website,erp",3
customer161@company.com,Pat,Kim,5551234567,APAC,2020-08-01,False,crm,customer161@company.com,True,1,"crm,website",2
customer20@company.com,Jane,Wang,+81312345678,APAC,2022-04-01,False,crm,customer20@company.com,True,1,crm,1
customer127@yahoo.com,John,Díaz,5551234567,US,2021-06-01,True,crm,customer127@yahoo.com,True,1,"crm,website,erp",3
customer641@company.com,Mike,Johnson,5551234567,APAC,2023-01-01,False,crm,customer641@company.com,True,1,crm,1
customer248@company.com,Jane,Díaz,+81312345678,EU,2023-04-01,False,crm,customer248@company.com,True,1,crm,1
customer211@yahoo.com,François,González,5551234567,US,2021-10-01,True,crm,customer211@yahoo.com,True,1,"crm,website",2
customer778@yahoo.com,Pat,Johnson,5551234567,EU,2022-03-01,False,crm,customer778@yahoo.com,True,1,"crm,website,erp",3
customer674@company.com,Maria,Garcia,+442079460958,EU,2023-09-01,False,crm,customer674@company.com,True,1,"crm,website",2
customer677@company.com,John,Martínez,+442079460958,EU,2023-09-01,False,crm,customer677@company.com,True,1,"crm,website",2
customer188@company.com,Sam,Smith,5551234567,US,2023-09-01,False,crm,customer188@company.com,True,1,"crm,website",2
customer222@gmail.com,Pat,Díaz,+15551234567,US,2021-09-01,False,crm,customer222@gmail.com,True,1,"crm,website",2
customer402@gmail.com,Sam,Kim,+15551234567,US,2021-08-01,False,crm,customer402@gmail.com,True,1,"crm,website,erp",3
customer85@yahoo.com,Chris,Kim,5551234567,US,2022-06-01,False,crm,customer85@yahoo.com,True,1,"crm,website,erp",3
customer172@yahoo.com,O'Brien,Martínez,+442079460958,EU,2023-07-01,False,crm,customer172@yahoo.com,True,1,"crm,website",2
customer100@yahoo.com,Mike,Johnson,5551234567,APAC,2023-01-01,True,crm,customer100@yahoo.com,True,1,"crm,website",2
customer243@gmail.com,José,González,02079460958,APAC,2021-11-01,False,crm,customer243@gmail.com,True,1,crm,1
customer705@gmail.com,Sam,Johnson,+81312345678,US,2020-02-01,False,crm,customer705@gmail.com,True,1,crm,1
customer456@gmail.com,Sam,Johnson,5551234567,EU,2023-11-01,False,crm,customer456@gmail.com,True,1,"crm,website",2
customer645@gmail.com,Alex,Díaz,5551234567,EU,2023-10-01,False,crm,customer645@gmail.com,True,1,"crm,website,erp",3
customer618@gmail.com,John,Johnson,+15551234567,EU,2022-10-01,False,crm,customer618@gmail.com,True,1,"crm,website,erp",3
customer234@gmail.com,José,González,+15551234567,EU,2021-07-01,True,crm,customer234@gmail.com,True,1,"crm,website,erp",3
customer675@gmail.com,Sam,González,5551234567,EU,2020-07-01,False,crm,customer675@gmail.com,True,1,"crm,website",2
customer717@gmail.com,Chris,Brown,5551234567,EU,2022-03-01,True,crm,customer717@gmail.com,True,1,"crm,website,erp",3
customer174@gmail.com,Maria,Wang,+15551234567,APAC,2020-06-01,False,crm,customer174@gmail.com,True,1,"crm,website",2
customer464@company.com,François,Smith,+15551234567,APAC,2020-09-01,False,crm,customer464@company.com,True,1,"crm,website",2
customer177@gmail.com,O'Brien,Williams,02079460958,US,2021-11-01,False,crm,customer177@gmail.com,True,1,"crm,website,erp",3
customer726@gmail.com,Maria,Kim,5551234567,EU,2020-09-01,False,crm,customer726@gmail.com,True,1,"crm,website",2
customer783@gmail.com,Chris,González,02079460958,US,2022-05-01,False,crm,customer783@gmail.com,True,1,"crm,website",2
customer154@yahoo.com,Alex,González,5551234567,US,2020-07-01,True,crm,customer154@yahoo.com,True,1,"crm,website,erp",3
customer765@gmail.com,Maria,Kim,+81312345678,US,2022-08-01,False,crm,customer765@gmail.com,True,1,crm,1
customer233@company.com,Léa,Brown,+81312345678,APAC,2021-06-01,False,crm,customer233@company.com,True,1,"crm,website",2
customer301@yahoo.com,John,Smith,5551234567,US,2022-03-01,False,crm,customer301@yahoo.com,True,1,"crm,website",2
customer280@yahoo.com,Jane,Kim,+442079460958,APAC,2022-08-01,False,crm,customer280@yahoo.com,True,1,"crm,website",2
customer582@gmail.com,Sam,Smith,+15551234567,EU,2020-10-01,False,crm,customer582@gmail.com,True,1,"crm,erp",2
customer796@yahoo.com,François,Smith,02079460958,EU,2021-03-01,False,crm,customer796@yahoo.com,True,1,"crm,website",2
customer566@company.com,Léa,López,+81312345678,US,2020-07-01,False,crm,customer566@company.com,True,1,"crm,website",2
customer268@yahoo.com,Maria,Díaz,5551234567,EU,2020-09-01,True,crm,customer268@yahoo.com,True,1,crm,1
customer444@gmail.com,O'Brien,González,+81312345678,EU,2021-04-01,False,crm,customer444@gmail.com,True,1,"crm,website",2
customer254@company.com,Sarah,Johnson,5551234567,EU,2020-10-01,False,crm,customer254@company.com,True,1,"crm,website,erp",3
customer9@gmail.com,Alex,Díaz,+15551234567,US,2021-04-01,False,crm,customer9@gmail.com,True,1,"crm,website",2
customer699@gmail.com,Alex,Johnson,5551234567,EU,2022-04-01,False,crm,customer699@gmail.com,True,1,"crm,website",2
customer30@gmail.com,Müller,Brown,+15551234567,APAC,2022-08-01,False,crm,customer30@gmail.com,True,1,"crm,website",2
customer639@gmail.com,Sarah,Díaz,5551234567,APAC,2023-03-01,False,crm,customer639@gmail.com,True,1,"crm,erp",2
customer549@gmail.com,François,Wang,+15551234567,,2020-07-01,False,crm,customer549@gmail.com,True,1,"crm,erp",2
customer278@company.com,Léa,Jones,02079460958,EU,2023-06-01,True,crm,customer278@company.com,True,1,"crm,website",2
customer76@yahoo.com,John,Brown,02079460958,US,2021-06-01,False,crm,customer76@yahoo.com,True,1,"crm,website,erp",3
customer338@company.com,Alex,Johnson,+442079460958,APAC,2023-03-01,True,crm,customer338@company.com,True,1,"crm,website",2
customer516@gmail.com,François,Johnson,5551234567,APAC,2022-07-01,True,crm,customer516@gmail.com,True,1,"crm,website",2
customer746@company.com,Alex,Jones,+81312345678,US,2021-04-01,False,crm,customer746@company.com,True,1,"crm,erp",2
customer485@company.com,Sam,Kim,5551234567,US,2020-03-01,True,crm,customer485@company.com,True,1,"crm,website",2
customer14@company.com,Sam,López,5551234567,US,2021-07-01,False,crm,customer14@company.com,True,1,"crm,website",2
customer414@gmail.com,Léa,Wang,+15551234567,US,2023-03-01,True,crm,customer414@gmail.com,True,1,crm,1
customer46@yahoo.com,O'Brien,Díaz,+442079460958,EU,2022-02-01,False,crm,customer46@yahoo.com,True,1,"crm,website",2
customer212@company.com,Jane,Johnson,5551234567,EU,2023-05-01,False,crm,customer212@company.com,True,1,"crm,website",2
customer727@yahoo.com,Jane,López,+442079460958,APAC,2021-09-01,False,crm,customer727@yahoo.com,True,1,"crm,website",2
customer700@yahoo.com,André,González,02079460958,EU,2023-02-01,False,crm,customer700@yahoo.com,True,1,"crm,website",2
customer119@company.com,O'Brien,López,+442079460958,EU,2023-07-01,False,crm,customer119@company.com,True,1,crm,1
customer466@yahoo.com,Pat,López,+442079460958,US,2023-01-01,True,crm,customer466@yahoo.com,True,1,crm,1
customer73@yahoo.com,Léa,Williams,5551234567,US,2022-02-01,False,crm,customer73@yahoo.com,True,1,"crm,website",2
customer605@company.com,Alex,López,+442079460958,US,2022-11-01,False,crm,customer605@company.com,True,1,"crm,website",2
customer439@yahoo.com,André,López,5551234567,US,2021-02-01,False,crm,customer439@yahoo.com,True,1,"crm,website,erp",3
customer695@company.com,Chris,Smith,5551234567,US,2022-03-01,True,crm,customer695@company.com,True,1,"crm,website",2
customer540@gmail.com,Jane,Kim,02079460958,APAC,2020-05-01,True,crm,customer540@gmail.com,True,1,"crm,website",2
customer494@company.com,Alex,Jones,02079460958,US,2022-09-01,False,crm,customer494@company.com,True,1,"crm,website",2
customer94@yahoo.com,John,Johnson,+15551234567,US,2020-09-01,False,crm,customer94@yahoo.com,True,1,"crm,erp",2
customer24@gmail.com,Sarah,Smith,+15551234567,APAC,2022-08-01,True,crm,customer24@gmail.com,True,1,"crm,website,erp",3
customer688@yahoo.com,Mike,Jones,+81312345678,US,2022-06-01,False,crm,customer688@yahoo.com,True,1,"crm,website",2
customer32@company.com,Jane,Johnson,5551234567,EU,2020-07-01,False,crm,customer32@company.com,True,1,"crm,website",2
customer794@company.com,André,Brown,+442079460958,EU,2020-08-01,True,crm,customer794@company.com,True,1,"crm,website",2
customer58@yahoo.com,O'Brien,Brown,+442079460958,EU,2022-05-01,False,crm,customer58@yahoo.com,True,1,"crm,website,erp",3
customer770@company.com,Maria,Kim,5551234567,EU,2022-09-01,False,crm,customer770@company.com,True,1,"crm,website,erp",3
customer22@yahoo.com,Sarah,González,+15551234567,APAC,2021-05-01,False,crm,customer22@yahoo.com,True,1,"crm,website",2
customer122@company.com,Pat,Martínez,5551234567,APAC,2020-09-01,False,crm,customer122@company.com,True,1,"crm,website",2
customer461@company.com,Maria,Kim,02079460958,EU,2022-12-01,False,crm,customer461@company.com,True,1,"crm,website",2
customer734@company.com,Maria,Smith,+81312345678,US,2020-01-01,False,crm,customer734@company.com,True,1,crm,1
customer386@company.com,Alex,Martínez,+15551234567,APAC,2021-10-01,False,crm,customer386@company.com,True,1,"crm,website",2
customer489@gmail.com,Sarah,Smith,,US,2023-09-01,False,crm,customer489@gmail.com,True,1,crm,1
customer792@gmail.com,John,López,02079460958,US,2021-03-01,False,crm,customer792@gmail.com,True,1,"crm,website,erp",3
customer511@yahoo.com,Mike,Wang,+15551234567,APAC,2023-04-01,False,crm,customer511@yahoo.com,True,1,"crm,website",2
customer638@company.com,Mike,Wang,+15551234567,APAC,2020-06-01,True,crm,customer638@company.com,True,1,"crm,website",2
customer225@gmail.com,Maria,González,+442079460958,APAC,2023-09-01,True,crm,customer225@gmail.com,True,1,"crm,website",2
customer114@gmail.com,Maria,Martínez,+81312345678,US,2023-08-01,True,crm,customer114@gmail.com,True,1,crm,1
customer217@yahoo.com,Léa,Díaz,+15551234567,EU,2021-12-01,False,crm,customer217@yahoo.com,True,1,"crm,website",2
customer160@yahoo.com,Léa,Díaz,+81312345678,US,2023-05-01,True,crm,customer160@yahoo.com,True,1,"crm,website",2
customer120@gmail.com,Léa,Johnson,+81312345678,US,2020-04-01,False,crm,customer120@gmail.com,True,1,crm,1
customer96@gmail.com,François,Jones,5551234567,APAC,2023-08-01,False,crm,customer96@gmail.com,True,1,"crm,erp",2
customer87@gmail.com,John,Garcia,5551234567,EU,2023-01-01,False,crm,customer87@gmail.com,True,1,"crm,website",2
customer229@yahoo.com,Alex,Smith,5551234567,US,2023-06-01,True,crm,customer229@yahoo.com,True,1,"crm,website",2
customer419@company.com,Léa,Kim,+15551234567,EU,2023-02-01,False,crm,customer419@company.com,True,1,"crm,website,erp",3
customer79@yahoo.com,Mike,Brown,+15551234567,APAC,2021-01-01,False,crm,customer79@yahoo.com,True,1,"crm,erp",2
customer54@gmail.com,Sam,Williams,+442079460958,US,2020-01-01,False,crm,customer54@gmail.com,True,1,"crm,website",2
customer333@gmail.com,Müller,González,02079460958,APAC,2023-01-01,False,crm,customer333@gmail.com,True,1,crm,1
customer758@company.com,Maria,Jones,,EU,2023-06-01,False,crm,customer758@company.com,True,1,crm,1
customer470@company.com,Chris,Jones,5551234567,US,2022-04-01,False,crm,customer470@company.com,True,1,"crm,website",2
customer387@gmail.com,Maria,Johnson,5551234567,APAC,2021-11-01,True,crm,customer387@gmail.com,True,1,"crm,website",2
customer512@company.com,José,López,,US,2020-01-01,False,crm,customer512@company.com,True,1,"crm,erp",2
customer27@gmail.com,Müller,Jones,+81312345678,EU,2023-03-01,False,crm,customer27@gmail.com,True,1,"crm,website",2
customer170@company.com,Sam,Kim,+81312345678,APAC,2021-08-01,False,crm,customer170@company.com,True,1,"crm,website,erp",3
customer310@yahoo.com,José,Kim,5551234567,EU,2020-05-01,True,crm,customer310@yahoo.com,True,1,"crm,website,erp",3
customer328@yahoo.com,André,Díaz,+81312345678,EU,2023-09-01,True,crm,customer328@yahoo.com,True,1,"crm,website",2
customer72@gmail.com,Léa,Williams,02079460958,,2023-01-01,False,crm,customer72@gmail.com,True,1,"crm,website",2
customer760@yahoo.com,José,Martínez,+81312345678,US,2023-10-01,True,crm,customer760@yahoo.com,True,1,"crm,website,erp",3
customer615@gmail.com,André,Wang,02079460958,US,2021-02-01,False,crm,customer615@gmail.com,True,1,"crm,website",2
customer669@gmail.com,O'Brien,Jones,5551234567,EU,2022-07-01,True,crm,customer669@gmail.com,True,1,"crm,website",2
customer426@gmail.com,John,Johnson,5551234567,US,2020-09-01,False,crm,customer426@gmail.com,True,1,"crm,website",2
customer165@gmail.com,Sarah,Williams,+442079460958,US,2020-11-01,False,crm,customer165@gmail.com,True,1,"crm,website",2
customer667@yahoo.com,Pat,Díaz,5551234567,EU,2023-11-01,False,crm,customer667@yahoo.com,True,1,"crm,website",2
customer121@yahoo.com,Müller,Smith,02079460958,US,2021-06-01,False,crm,customer121@yahoo.com,True,1,"crm,website,erp",3
customer405@gmail.com,Alex,Williams,5551234567,US,2023-03-01,False,crm,customer405@gmail.com,True,1,crm,1
customer111@gmail.com,John,Jones,+15551234567,EU,2020-11-01,False,crm,customer111@gmail.com,True,1,"crm,website,erp",3
customer557@company.com,José,Brown,5551234567,EU,2022-04-01,True,crm,customer557@company.com,True,1,"crm,website",2
customer782@company.com,Pat,González,5551234567,US,2021-10-01,False,crm,customer782@company.com,True,1,crm,1
customer773@company.com,Sam,Jones,,US,2020-01-01,False,crm,customer773@company.com,True,1,crm,1
customer350@company.com,Sam,González,+81312345678,US,2023-09-01,False,crm,customer350@company.com,True,1,crm,1
customer776@company.com,François,Jones,5551234567,US,2021-03-01,False,crm,customer776@company.com,True,1,"crm,website",2
customer29@company.com,Pat,Martínez,+442079460958,APAC,2023-06-01,True,crm,customer29@company.com,True,1,"crm,website",2
customer315@gmail.com,John,Johnson,,US,2021-09-01,False,crm,customer315@gmail.com,True,1,crm,1
customer600@gmail.com,Chris,Jones,5551234567,EU,2023-10-01,True,crm,customer600@gmail.com,True,1,"crm,website",2
customer327@gmail.com,Chris,Wang,,,2023-01-01,False,crm,customer327@gmail.com,True,1,crm,1
customer570@gmail.com,Chris,López,+81312345678,EU,2020-09-01,False,crm,customer570@gmail.com,True,1,"crm,website",2
customer59@company.com,José,Smith,+442079460958,APAC,2022-01-01,False,crm,customer59@company.com,True,1,crm,1
customer686@company.com,Léa,Garcia,+442079460958,APAC,2023-10-01,False,crm,customer686@company.com,True,1,"crm,website",2
customer69@gmail.com,Mike,Garcia,,EU,2021-06-01,False,crm,customer69@gmail.com,True,1,crm,1
customer336@gmail.com,John,González,02079460958,APAC,2023-05-01,False,crm,customer336@gmail.com,True,1,"crm,website",2
customer515@company.com,Alex,Garcia,+81312345678,EU,2021-06-01,False,crm,customer515@company.com,True,1,"crm,website,erp",3
customer164@company.com,John,Johnson,+81312345678,EU,2022-07-01,True,crm,customer164@company.com,True,1,"crm,website,erp",3
customer256@yahoo.com,André,Martínez,5551234567,US,2023-08-01,False,crm,customer256@yahoo.com,True,1,"crm,website",2
customer13@yahoo.com,Sarah,Wang,5551234567,US,2023-05-01,False,crm,customer13@yahoo.com,True,1,"crm,website",2
customer319@yahoo.com,Müller,Garcia,+442079460958,US,2021-09-01,False,crm,customer319@yahoo.com,True,1,"crm,website",2
customer742@yahoo.com,Alex,Díaz,5551234567,US,2020-08-01,True,crm,customer742@yahoo.com,True,1,"crm,erp",2
customer613@yahoo.com,André,López,5551234567,EU,2022-07-01,False,crm,customer613@yahoo.com,True,1,"crm,website",2
customer519@gmail.com,Mike,Garcia,5551234567,EU,2022-08-01,True,crm,customer519@gmail.com,True,1,"crm,website",2
customer432@gmail.com,François,Johnson,+81312345678,APAC,2023-03-01,False,crm,customer432@gmail.com,True,1,"crm,website",2
customer537@gmail.com,Léa,Smith,+81312345678,EU,2022-03-01,False,crm,customer537@gmail.com,True,1,crm,1
customer106@yahoo.com,O'Brien,Williams,+442079460958,US,2021-04-01,False,crm,customer106@yahoo.com,True,1,"crm,website",2
customer411@gmail.com,Sam,López,+15551234567,US,2021-02-01,True,crm,customer411@gmail.com,True,1,"crm,website,erp",3
customer462@gmail.com,Sarah,Garcia,+442079460958,EU,2023-06-01,True,crm,customer462@gmail.com,True,1,crm,1
customer331@yahoo.com,Mike,Williams,+15551234567,APAC,2023-07-01,False,crm,customer331@yahoo.com,True,1,"crm,website,erp",3
customer176@company.com,André,González,5551234567,US,2022-01-01,False,crm,customer176@company.com,True,1,"crm,website,erp",3
customer755@company.com,O'Brien,Smith,+442079460958,US,2023-04-01,False,crm,customer755@company.com,True,1,"crm,website,erp",3
customer573@gmail.com,François,Wang,+15551234567,US,2021-07-01,True,crm,customer573@gmail.com,True,1,"crm,website,erp",3
customer167@company.com,O'Brien,Johnson,+15551234567,EU,2021-01-01,False,crm,customer167@company.com,True,1,"crm,website",2
customer750@gmail.com,André,Wang,02079460958,EU,2021-12-01,False,crm,customer750@gmail.com,True,1,"crm,website,erp",3
customer66@gmail.com,Pat,Martínez,+15551234567,EU,2020-04-01,False,crm,customer66@gmail.com,True,1,crm,1
customer374@company.com,Sam,Johnson,5551234567,EU,2021-07-01,False,crm,customer374@company.com,True,1,"crm,website",2
customer209@company.com,John,López,5551234567,APAC,2021-08-01,False,crm,customer209@company.com,True,1,"crm,website,erp",3
customer186@gmail.com,Müller,Williams,5551234567,US,2021-09-01,True,crm,customer186@gmail.com,True,1,"crm,website",2
customer780@gmail.com,Sam,Johnson,+81312345678,US,2023-03-01,False,crm,customer780@gmail.com,True,1,"crm,website",2
customer736@yahoo.com,Maria,López,02079460958,APAC,2022-07-01,False,crm,customer736@yahoo.com,True,1,"crm,website",2
customer446@company.com,Chris,Johnson,5551234567,US,2020-01-01,False,crm,customer446@company.com,True,1,"crm,erp",2
customer71@company.com,Pat,Martínez,+81312345678,US,2022-01-01,False,crm,customer71@company.com,True,1,crm,1
customer395@company.com,Chris,Díaz,,APAC,2022-02-01,False,crm,customer395@company.com,True,1,crm,1
customer329@company.com,Léa,Kim,5551234567,US,2022-10-01,False,crm,customer329@company.com,True,1,crm,1
customer296@company.com,François,Díaz,+442079460958,US,2021-12-01,False,crm,customer296@company.com,True,1,crm,1
customer663@gmail.com,Chris,Jones,02079460958,US,2020-12-01,True,crm,customer663@gmail.com,True,1,"crm,website",2
customer208@yahoo.com,John,Díaz,,APAC,2022-11-01,True,crm,customer208@yahoo.com,True,1,"crm,website",2
customer762@gmail.com,Léa,Brown,,US,2020-12-01,False,crm,customer762@gmail.com,True,1,crm,1
customer642@gmail.com,Pat,Johnson,,US,2020-07-01,False,crm,customer642@gmail.com,True,1,crm,1
customer348@gmail.com,Maria,Williams,+81312345678,EU,2022-05-01,False,crm,customer348@gmail.com,True,1,"crm,website,erp",3
customer568@yahoo.com,Sam,Wang,5551234567,EU,2020-05-01,False,crm,customer568@yahoo.com,True,1,"crm,website",2
customer342@gmail.com,Maria,Jones,+15551234567,APAC,2023-06-01,True,crm,customer342@gmail.com,True,1,"crm,website,erp",3
customer65@company.com,José,Díaz,5551234567,EU,2020-08-01,False,crm,customer65@company.com,True,1,"crm,website,erp",3
customer620@company.com,Léa,López,+81312345678,US,2020-02-01,False,crm,customer620@company.com,True,1,"crm,website",2
customer64@yahoo.com,André,López,02079460958,US,2020-01-01,False,crm,customer64@yahoo.com,True,1,"crm,website",2
customer379@yahoo.com,François,Díaz,02079460958,EU,2020-02-01,False,crm,customer379@yahoo.com,True,1,"crm,website",2
customer276@gmail.com,Sam,Díaz,02079460958,EU,2020-04-01,True,crm,customer276@gmail.com,True,1,"crm,website",2
customer652@yahoo.com,Chris,Martínez,+442079460958,EU,2022-02-01,False,crm,customer652@yahoo.com,True,1,"crm,website",2
customer141@gmail.com,John,Díaz,+81312345678,APAC,2023-01-01,False,crm,customer141@gmail.com,True,1,"crm,website,erp",3
customer539@company.com,François,Johnson,+442079460958,APAC,2021-06-01,True,crm,customer539@company.com,True,1,"crm,website",2
customer475@yahoo.com,Maria,Wang,+15551234567,US,2023-03-01,False,crm,customer475@yahoo.com,True,1,"crm,website",2
customer75@gmail.com,José,Kim,02079460958,US,2023-10-01,False,crm,customer75@gmail.com,True,1,crm,1
customer435@gmail.com,Alex,Brown,02079460958,US,2023-11-01,False,crm,customer435@gmail.com,True,1,crm,1
customer683@company.com,Sam,Wang,,APAC,2021-12-01,True,crm,customer683@company.com,True,1,crm,1
customer275@company.com,Müller,Jones,+442079460958,EU,2022-11-01,False,crm,customer275@company.com,True,1,crm,1
customer653@company.com,Léa,Jones,+15551234567,APAC,2021-05-01,False,crm,customer653@company.com,True,1,"crm,erp",2
customer731@company.com,Chris,Williams,5551234567,US,2022-12-01,False,crm,customer731@company.com,True,1,crm,1
customer103@yahoo.com,Müller,Díaz,+442079460958,US,2021-09-01,False,crm,customer103@yahoo.com,True,1,"crm,website",2
customer284@company.com,François,Wang,,EU,2021-02-01,False,crm,customer284@company.com,True,1,crm,1
customer149@company.com,Sarah,Díaz,+81312345678,US,2021-11-01,False,crm,customer149@company.com,True,1,crm,1
customer339@gmail.com,Léa,Díaz,+15551234567,APAC,2023-08-01,False,crm,customer339@gmail.com,True,1,crm,1
customer307@yahoo.com,Maria,López,+15551234567,APAC,2021-02-01,True,crm,customer307@yahoo.com,True,1,crm,1
customer55@yahoo.com,Léa,González,5551234567,US,2021-01-01,False,crm,customer55@yahoo.com,True,1,"crm,erp",2
customer680@company.com,John,Wang,5551234567,US,2020-09-01,True,crm,customer680@company.com,True,1,"crm,website",2
customer413@company.com,Müller,Brown,+81312345678,APAC,2021-09-01,True,crm,customer413@company.com,True,1,"crm,website",2
customer358@yahoo.com,Mike,Wang,5551234567,US,2020-03-01,True,crm,customer358@yahoo.com,True,1,"crm,website",2
customer788@company.com,Mike,López,+442079460958,APAC,2021-10-01,True,crm,customer788@company.com,True,1,"crm,website",2
customer324@gmail.com,Alex,Wang,+81312345678,APAC,2021-11-01,False,crm,customer324@gmail.com,True,1,"crm,website",2
customer277@yahoo.com,François,González,+15551234567,EU,2023-10-01,False,crm,customer277@yahoo.com,True,1,"crm,website,erp",3
customer19@yahoo.com,François,López,02079460958,EU,2021-05-01,True,crm,customer19@yahoo.com,True,1,"crm,website",2
customer716@company.com,Sam,González,5551234567,US,2020-06-01,False,crm,customer716@company.com,True,1,"crm,erp",2
customer98@company.com,José,Williams,+442079460958,APAC,2023-01-01,False,crm,customer98@company.com,True,1,"crm,website",2
customer245@company.com,Léa,González,02079460958,US,2020-12-01,True,crm,customer245@company.com,True,1,"crm,website",2
customer599@company.com,André,Díaz,5551234567,US,2022-08-01,False,crm,customer599@company.com,True,1,"crm,website",2
customer425@company.com,Jane,González,02079460958,APAC,2021-10-01,False,crm,customer425@company.com,True,1,crm,1
customer70@yahoo.com,Chris,Martínez,+15551234567,APAC,2023-09-01,False,crm,customer70@yahoo.com,True,1,crm,1
customer401@company.com,Sam,Brown,,APAC,2021-01-01,False,crm,customer401@company.com,True,1,crm,1
customer201@gmail.com,François,Kim,+15551234567,APAC,2023-05-01,False,crm,customer201@gmail.com,True,1,"crm,website",2
customer380@company.com,Chris,Johnson,,EU,2021-04-01,False,crm,customer380@company.com,True,1,crm,1
customer486@gmail.com,Sam,Jones,02079460958,EU,2020-10-01,True,crm,customer486@gmail.com,True,1,"crm,website",2
customer47@company.com,John,Wang,+442079460958,US,2022-05-01,False,crm,customer47@company.com,True,1,"crm,website",2
customer325@yahoo.com,François,Wang,5551234567,EU,2021-03-01,False,crm,customer325@yahoo.com,True,1,"crm,website,erp",3
customer715@yahoo.com,Sarah,Johnson,+15551234567,US,2021-10-01,False,crm,customer715@yahoo.com,True,1,"crm,website",2
customer565@yahoo.com,Alex,Kim,+81312345678,US,2020-11-01,True,crm,customer565@yahoo.com,True,1,"crm,website",2
customer496@yahoo.com,José,Wang,02079460958,EU,2022-11-01,False,crm,customer496@yahoo.com,True,1,"crm,website",2
customer285@gmail.com,Mike,Kim,,US,2021-04-01,False,crm,customer285@gmail.com,True,1,"crm,website",2
customer132@gmail.com,François,Brown,,EU,2020-03-01,False,crm,customer132@gmail.com,True,1,crm,1
customer513@gmail.com,Jane,González,5551234567,EU,2022-10-01,True,crm,customer513@gmail.com,True,1,"crm,website",2
customer56@company.com,François,Wang,5551234567,EU,2022-02-01,True,crm,customer56@company.com,True,1,"crm,website",2
customer777@gmail.com,Mike,Johnson,5551234567,APAC,2021-03-01,False,crm,customer777@gmail.com,True,1,"crm,erp",2
customer798@gmail.com,Pat,Brown,+442079460958,EU,2023-09-01,True,crm,customer798@gmail.com,True,1,"crm,erp",2
customer646@yahoo.com,Sarah,Martínez,+15551234567,US,2022-06-01,False,crm,customer646@yahoo.com,True,1,"crm,website,erp",3
customer690@gmail.com,Jane,Jones,02079460958,EU,2021-02-01,True,crm,customer690@gmail.com,True,1,"crm,website",2
customer648@gmail.com,Sarah,Brown,5551234567,APAC,2021-06-01,False,crm,customer648@gmail.com,True,1,"crm,website",2
customer453@gmail.com,Sarah,Kim,+15551234567,EU,2023-11-01,False,crm,customer453@gmail.com,True,1,"crm,website",2
customer376@yahoo.com,Maria,Williams,5551234567,US,2022-01-01,False,crm,customer376@yahoo.com,True,1,"crm,website",2
customer274@yahoo.com,John,Garcia,02079460958,US,2022-06-01,False,crm,customer274@yahoo.com,True,1,crm,1
customer143@company.com,José,Brown,5551234567,US,2020-12-01,True,crm,customer143@company.com,True,1,crm,1
customer678@gmail.com,André,Jones,+81312345678,US,2021-08-01,True,crm,customer678@gmail.com,True,1,"crm,website",2
customer656@company.com,Chris,Jones,+81312345678,US,2020-02-01,False,crm,customer656@company.com,True,1,"crm,website",2
customer139@yahoo.com,Alex,Jones,+442079460958,APAC,2022-08-01,False,crm,customer139@yahoo.com,True,1,"crm,website",2
customer625@yahoo.com,Pat,Díaz,+81312345678,APAC,2022-08-01,False,crm,customer625@yahoo.com,True,1,"crm,erp",2
customer239@company.com,Sam,Brown,+81312345678,APAC,2020-09-01,True,crm,customer239@company.com,True,1,"crm,website",2
customer545@company.com,Maria,Williams,+442079460958,APAC,2020-02-01,True,crm,customer545@company.com,True,1,"crm,website,erp",3
customer289@yahoo.com,Pat,Díaz,5551234567,APAC,2021-02-01,True,crm,customer289@yahoo.com,True,1,"crm,website",2
customer534@gmail.com,Mike,Garcia,+442079460958,APAC,2020-07-01,True,crm,customer534@gmail.com,True,1,"crm,website",2
customer10@yahoo.com,Maria,Wang,+442079460958,EU,2022-04-01,False,crm,customer10@yahoo.com,True,1,crm,1
customer128@company.com,Léa,Brown,5551234567,EU,2020-05-01,True,crm,customer128@company.com,True,1,"crm,website",2
customer691@yahoo.com,Pat,Wang,5551234567,US,2022-01-01,False,crm,customer691@yahoo.com,True,1,"crm,erp",2
customer180@gmail.com,Léa,Díaz,+81312345678,US,2022-06-01,False,crm,customer180@gmail.com,True,1,"crm,website",2
customer356@company.com,José,Johnson,+442079460958,US,2023-05-01,False,crm,customer356@company.com,True,1,"crm,website",2
customer671@company.com,Alex,Garcia,02079460958,US,2021-11-01,False,crm,customer671@company.com,True,1,"crm,website",2
customer44@company.com,Jane,Wang,02079460958,EU,2021-11-01,True,crm,customer44@company.com,True,1,"crm,website,erp",3
customer775@yahoo.com,Chris,González,5551234567,EU,2020-08-01,False,crm,customer775@yahoo.com,True,1,"crm,website",2
customer622@yahoo.com,Mike,Díaz,+442079460958,US,2022-08-01,False,crm,customer622@yahoo.com,True,1,"crm,website",2
customer713@company.com,André,Díaz,+81312345678,EU,2022-08-01,False,crm,customer713@company.com,True,1,"crm,website,erp",3
customer655@yahoo.com,Müller,Garcia,+81312345678,APAC,2021-04-01,True,crm,customer655@yahoo.com,True,1,"crm,website,erp",3
customer162@gmail.com,Maria,Johnson,+15551234567,US,2023-06-01,False,crm,customer162@gmail.com,True,1,"crm,website",2
customer607@yahoo.com,Alex,Williams,+15551234567,APAC,2023-06-01,True,crm,customer607@yahoo.com,True,1,"crm,website",2
customer443@company.com,John,Smith,5551234567,APAC,2022-09-01,False,crm,customer443@company.com,True,1,"crm,website",2
customer375@gmail.com,Maria,González,,US,2020-09-01,True,crm,customer375@gmail.com,True,1,"crm,website",2
customer634@yahoo.com,Pat,López,+81312345678,,2021-04-01,True,crm,customer634@yahoo.com,True,1,crm,1
customer237@gmail.com,José,Brown,+442079460958,EU,2022-12-01,True,crm,customer237@gmail.com,True,1,crm,1
customer391@yahoo.com,José,Brown,5551234567,US,2022-01-01,True,crm,customer391@yahoo.com,True,1,"crm,website",2
customer421@yahoo.com,José,Smith,02079460958,US,2022-05-01,True,crm,customer421@yahoo.com,True,1,"crm,website",2
customer388@yahoo.com,John,Wang,5551234567,APAC,2020-03-01,False,crm,customer388@yahoo.com,True,1,crm,1
customer664@yahoo.com,Mike,Smith,5551234567,EU,2020-05-01,True,crm,customer664@yahoo.com,True,1,"crm,website",2
customer115@yahoo.com,François,Garcia,+15551234567,APAC,2023-11-01,False,crm,customer115@yahoo.com,True,1,"crm,website",2
customer757@yahoo.com,Chris,López,02079460958,US,2021-12-01,False,crm,customer757@yahoo.com,True,1,"crm,website",2
customer228@gmail.com,Mike,Garcia,+15551234567,EU,2021-08-01,True,crm,customer228@gmail.com,True,1,crm,1
customer102@gmail.com,Müller,Martínez,5551234567,APAC,2023-11-01,False,crm,customer102@gmail.com,True,1,"crm,website",2
customer359@company.com,Mike,Díaz,5551234567,US,2021-04-01,True,crm,customer359@company.com,True,1,"crm,website",2
customer445@yahoo.com,Sam,Díaz,5551234567,EU,2022-05-01,False,crm,customer445@yahoo.com,True,1,"crm,website,erp",3
customer194@company.com,O'Brien,Kim,02079460958,US,2021-09-01,False,crm,customer194@company.com,True,1,"crm,website",2
customer404@company.com,Chris,Jones,+15551234567,US,2021-06-01,True,crm,customer404@company.com,True,1,"crm,website",2
customer420@gmail.com,André,Brown,+15551234567,EU,2021-12-01,True,crm,customer420@gmail.com,True,1,"crm,website",2
customer151@yahoo.com,Alex,Williams,+81312345678,EU,2022-03-01,False,crm,customer151@yahoo.com,True,1,crm,1
customer36@gmail.com,José,Brown,+15551234567,US,2022-08-01,False,crm,customer36@gmail.com,True,1,"crm,erp",2
customer23@company.com,O'Brien,Martínez,5551234567,US,2020-11-01,True,crm,customer23@company.com,True,1,"crm,erp",2
customer21@gmail.com,Sam,González,5551234567,US,2022-02-01,False,crm,customer21@gmail.com,True,1,"crm,website",2
customer146@company.com,Pat,López,+442079460958,US,2022-01-01,True,crm,customer146@company.com,True,1,"crm,website",2
customer454@yahoo.com,Müller,Johnson,+15551234567,EU,2021-03-01,False,crm,customer454@yahoo.com,True,1,"crm,website,erp",3
customer249@gmail.com,François,Martínez,5551234567,US,2023-03-01,False,crm,customer249@gmail.com,True,1,"crm,website",2
customer260@company.com,André,Jones,+81312345678,EU,2021-08-01,False,crm,customer260@company.com,True,1,crm,1
customer279@gmail.com,André,González,+81312345678,US,2020-05-01,False,crm,customer279@gmail.com,True,1,"crm,website,erp",3
customer145@yahoo.com,Müller,Garcia,+15551234567,EU,2020-12-01,False,crm,customer145@yahoo.com,True,1,"crm,erp",2
customer497@company.com,Müller,Kim,,US,2021-12-01,False,crm,customer497@company.com,True,1,crm,1
customer157@yahoo.com,José,Díaz,+15551234567,US,2021-06-01,False,crm,customer157@yahoo.com,True,1,"crm,erp",2
customer406@yahoo.com,Mike,López,02079460958,APAC,2023-07-01,False,crm,customer406@yahoo.com,True,1,"crm,website",2
customer242@company.com,André,Díaz,5551234567,US,2020-11-01,False,crm,customer242@company.com,True,1,"crm,erp",2
customer520@yahoo.com,Sarah,Wang,+81312345678,US,2020-05-01,False,crm,customer520@yahoo.com,True,1,"crm,erp",2
customer74@company.com,Mike,Smith,02079460958,EU,2020-10-01,True,crm,customer74@company.com,True,1,"crm,website",2
customer394@yahoo.com,Müller,Brown,+442079460958,EU,2022-05-01,False,crm,customer394@yahoo.com,True,1,"crm,website",2
customer138@gmail.com,Léa,González,+442079460958,APAC,2021-06-01,True,crm,customer138@gmail.com,True,1,"crm,website",2
customer601@yahoo.com,Chris,Williams,+15551234567,APAC,2023-08-01,True,crm,customer601@yahoo.com,True,1,"crm,website,erp",3
customer83@company.com,Maria,Brown,02079460958,EU,2023-06-01,True,crm,customer83@company.com,True,1,"crm,website",2
customer612@gmail.com,José,Martínez,+442079460958,US,2020-02-01,False,crm,customer612@gmail.com,True,1,"crm,website",2
customer501@gmail.com,André,Johnson,02079460958,US,2020-06-01,False,crm,customer501@gmail.com,True,1,"crm,website,erp",3
customer231@gmail.com,Sarah,González,02079460958,EU,2023-09-01,False,crm,customer231@gmail.com,True,1,crm,1
customer191@company.com,Léa,Wang,,US,2021-08-01,False,crm,customer191@company.com,True,1,crm,1
customer654@gmail.com,André,Williams,02079460958,US,2021-09-01,False,crm,customer654@gmail.com,True,1,"crm,website",2
customer603@gmail.com,José,Smith,+81312345678,US,2021-03-01,False,crm,customer603@gmail.com,True,1,"crm,website,erp",3
customer784@yahoo.com,Pat,Johnson,02079460958,US,2023-11-01,False,crm,customer784@yahoo.com,True,1,"crm,website",2
customer15@gmail.com,Pat,Wang,,US,2020-05-01,True,crm,customer15@gmail.com,True,1,crm,1
customer399@gmail.com,Mike,López,+15551234567,US,2021-01-01,False,crm,customer399@gmail.com,True,1,"crm,erp",2
customer595@yahoo.com,Müller,Kim,5551234567,APAC,2021-10-01,True,crm,customer595@yahoo.com,True,1,"crm,website",2
customer786@gmail.com,Léa,González,5551234567,EU,2022-01-01,True,crm,customer786@gmail.com,True,1,"crm,website,erp",3
customer473@company.com,O'Brien,Johnson,+15551234567,US,2022-01-01,False,crm,customer473@company.com,True,1,"crm,website",2
customer644@company.com,Maria,Kim,02079460958,APAC,2020-05-01,True,crm,customer644@company.com,True,1,"crm,website",2
customer608@company.com,O'Brien,Kim,+442079460958,APAC,2022-07-01,False,crm,customer608@company.com,True,1,crm,1
customer681@gmail.com,John,Wang,+442079460958,US,2023-09-01,False,crm,customer681@gmail.com,True,1,"crm,website",2
customer199@yahoo.com,Müller,González,02079460958,APAC,2023-12-01,False,crm,customer199@yahoo.com,True,1,crm,1
customer772@yahoo.com,Chris,Williams,5551234567,APAC,2023-09-01,False,crm,customer772@yahoo.com,True,1,crm,1
customer536@company.com,Chris,Johnson,02079460958,APAC,2021-09-01,False,crm,customer536@company.com,True,1,"crm,website",2
customer522@gmail.com,José,Wang,5551234567,US,2022-02-01,False,crm,customer522@gmail.com,True,1,"crm,website",2
customer672@gmail.com,André,Garcia,02079460958,US,2021-05-01,True,crm,customer672@gmail.com,True,1,"crm,website",2
customer84@gmail.com,Alex,López,5551234567,EU,2022-11-01,False,crm,customer84@gmail.com,True,1,"crm,website",2
customer230@company.com,José,Díaz,+442079460958,US,2021-06-01,True,crm,customer230@company.com,True,1,"crm,website",2
customer269@company.com,Sarah,Johnson,,,2021-06-01,False,crm,customer269@company.com,True,1,crm,1
customer259@yahoo.com,O'Brien,González,+81312345678,APAC,2020-01-01,False,crm,customer259@yahoo.com,True,1,"crm,website",2
customer113@company.com,Alex,López,+81312345678,EU,2022-06-01,False,crm,customer113@company.com,True,1,"crm,website",2
customer90@gmail.com,Pat,Johnson,02079460958,APAC,2023-09-01,False,crm,customer90@gmail.com,True,1,"crm,website",2
customer459@gmail.com,Chris,Martínez,5551234567,US,2022-09-01,False,crm,customer459@gmail.com,True,1,"crm,erp",2
customer431@company.com,Pat,Jones,5551234567,APAC,2022-03-01,True,crm,customer431@company.com,True,1,"crm,website",2
customer50@company.com,John,González,5551234567,APAC,2022-10-01,True,crm,customer50@company.com,True,1,"crm,erp",2
customer393@gmail.com,Sarah,Jones,5551234567,EU,2022-04-01,True,crm,customer393@gmail.com,True,1,"crm,website",2
customer662@company.com,Pat,Wang,,,2023-02-01,True,crm,customer662@company.com,True,1,crm,1
customer797@company.com,Sarah,Jones,5551234567,APAC,2021-01-01,False,crm,customer797@company.com,True,1,"crm,erp",2
customer206@company.com,Alex,Martínez,5551234567,US,2020-02-01,False,crm,customer206@company.com,True,1,crm,1
customer457@yahoo.com,Sam,Brown,,EU,2023-08-01,False,crm,customer457@yahoo.com,True,1,crm,1
customer698@company.com,Sarah,Williams,+442079460958,EU,2020-12-01,False,crm,customer698@company.com,True,1,"crm,website,erp",3
customer657@gmail.com,Alex,Brown,+15551234567,US,2023-04-01,True,crm,customer657@gmail.com,True,1,"crm,website",2
customer697@yahoo.com,Sam,Díaz,5551234567,EU,2020-04-01,True,crm,customer697@yahoo.com,True,1,"crm,website,erp",3
customer514@yahoo.com,Sarah,Smith,5551234567,US,2021-08-01,False,crm,customer514@yahoo.com,True,1,"crm,website",2
customer621@gmail.com,Chris,González,,US,2023-10-01,False,crm,customer621@gmail.com,True,1,crm,1
customer392@company.com,Pat,Brown,+442079460958,EU,2023-12-01,False,crm,customer392@company.com,True,1,"crm,website",2
customer429@gmail.com,Mike,López,5551234567,EU,2022-07-01,True,crm,customer429@gmail.com,True,1,"crm,website",2
customer203@company.com,Chris,Garcia,+442079460958,EU,2020-09-01,True,crm,customer203@company.com,True,1,"crm,website",2
customer216@gmail.com,Müller,Díaz,02079460958,US,2020-05-01,False,crm,customer216@gmail.com,True,1,crm,1
customer437@company.com,François,Garcia,5551234567,EU,2021-10-01,False,crm,customer437@company.com,True,1,"crm,website,erp",3
customer505@yahoo.com,José,Johnson,,US,2022-01-01,True,crm,customer505@yahoo.com,True,1,crm,1
customer593@company.com,François,Smith,02079460958,EU,2022-07-01,False,crm,customer593@company.com,True,1,"crm,website,erp",3
customer291@gmail.com,José,Smith,+15551234567,APAC,2021-02-01,False,crm,customer291@gmail.com,True,1,"crm,website",2
customer306@gmail.com,Léa,Smith,5551234567,APAC,2023-05-01,False,crm,customer306@gmail.com,True,1,"crm,website",2
customer86@company.com,Sam,Brown,5551234567,EU,2021-06-01,False,crm,customer86@company.com,True,1,"crm,website",2
customer754@yahoo.com,Pat,Brown,+442079460958,EU,2021-10-01,True,crm,customer754@yahoo.com,True,1,"crm,website",2
customer48@gmail.com,Chris,Williams,02079460958,EU,2021-06-01,True,crm,customer48@gmail.com,True,1,"crm,website",2
customer330@gmail.com,O'Brien,Kim,02079460958,APAC,2023-10-01,True,crm,customer330@gmail.com,True,1,"crm,website,erp",3
customer403@yahoo.com,Sarah,Díaz,+442079460958,EU,2023-01-01,False,crm,customer403@yahoo.com,True,1,"crm,website",2
customer564@gmail.com,Maria,Johnson,+81312345678,APAC,2021-07-01,False,crm,customer564@gmail.com,True,1,"crm,website",2
customer282@gmail.com,Jane,López,02079460958,EU,2020-05-01,False,crm,customer282@gmail.com,True,1,"crm,website",2
customer219@gmail.com,Sam,Martínez,5551234567,EU,2020-05-01,True,crm,customer219@gmail.com,True,1,crm,1
customer510@gmail.com,André,Kim,+81312345678,EU,2020-10-01,False,crm,customer510@gmail.com,True,1,"crm,website,erp",3
customer3@gmail.com,Sam,Smith,+15551234567,APAC,2023-06-01,False,crm,customer3@gmail.com,True,1,"crm,website",2
customer673@yahoo.com,François,Garcia,5551234567,APAC,2021-10-01,True,crm,customer673@yahoo.com,True,1,"crm,website",2
customer508@yahoo.com,Sam,González,+442079460958,EU,2020-09-01,False,crm,customer508@yahoo.com,True,1,"crm,website",2
customer337@yahoo.com,André,López,5551234567,US,2022-03-01,False,crm,customer337@yahoo.com,True,1,crm,1
customer28@yahoo.com,Alex,Martínez,+442079460958,EU,2020-06-01,False,crm,customer28@yahoo.com,True,1,crm,1
customer636@gmail.com,Chris,Wang,+81312345678,APAC,2022-04-01,False,crm,customer636@gmail.com,True,1,"crm,website,erp",3
customer223@yahoo.com,Léa,Díaz,+442079460958,US,2022-03-01,False,crm,customer223@yahoo.com,True,1,crm,1
customer300@gmail.com,Sam,Kim,5551234567,EU,2020-11-01,False,crm,customer300@gmail.com,True,1,"crm,website",2
customer349@yahoo.com,Müller,Díaz,+15551234567,EU,2022-05-01,False,crm,customer349@yahoo.com,True,1,"crm,website",2
customer159@gmail.com,Sarah,Garcia,5551234567,US,2022-04-01,False,crm,customer159@gmail.com,True,1,"crm,website",2
customer224@company.com,O'Brien,Brown,02079460958,EU,2022-05-01,False,crm,customer224@company.com,True,1,"crm,website",2
customer500@company.com,Alex,Johnson,02079460958,APAC,2020-06-01,False,crm,customer500@company.com,True,1,"crm,website",2
customer710@company.com,Müller,Williams,02079460958,EU,2023-12-01,False,crm,customer710@company.com,True,1,crm,1
customer207@gmail.com,Sam,Wang,+81312345678,EU,2023-07-01,False,crm,customer207@gmail.com,True,1,"crm,erp",2
customer747@gmail.com,Mike,Johnson,+442079460958,US,2023-10-01,True,crm,customer747@gmail.com,True,1,"crm,website",2
customer438@gmail.com,Müller,Martínez,5551234567,US,2020-06-01,True,crm,customer438@gmail.com,True,1,crm,1
customer35@company.com,Sarah,Garcia,,APAC,2022-05-01,False,crm,customer35@company.com,True,1,crm,1
customer317@company.com,Pat,Wang,5551234567,US,2022-12-01,False,crm,customer317@company.com,True,1,"crm,website",2
customer554@company.com,Mike,Garcia,+15551234567,EU,2020-01-03,True,website,customer554@company.com,True,2,website,1
customer548@company.com,François,Johnson,+15551234567,EU,2020-01-05,False,website,customer548@company.com,True,2,website,1
customer552@gmail.com,José,Brown,5551234567,EU,2020-01-05,True,website,customer552@gmail.com,True,2,website,1
customer340@yahoo.com,François,Smith,+15551234567,US,2020-01-04,True,website,customer340@yahoo.com,True,2,"website,erp",2
customer756@gmail.com,Maria,Williams,+442079460958,EU,2020-01-04,False,website,customer756@gmail.com,True,2,website,1
customer703@yahoo.com,André,Díaz,+442079460958,APAC,2020-01-04,True,website,customer703@yahoo.com,True,2,"website,erp",2
customer617@company.com,Pat,Williams,5551234567,US,2020-01-04,False,website,customer617@company.com,True,2,"website,erp",2
customer362@company.com,André,González,+15551234567,US,2020-01-04,False,website,customer362@company.com,True,2,website,1
customer381@gmail.com,John,Jones,02079460958,EU,2020-01-05,False,website,customer381@gmail.com,True,2,"website,erp",2
customer232@yahoo.com,Jane,Williams,02079460958,EU,2020-01-05,True,website,customer232@yahoo.com,True,2,website,1
customer528@gmail.com,José,González,02079460958,EU,2020-01-06,False,website,customer528@gmail.com,True,2,"website,erp",2
customer92@company.com,Jane,Díaz,+15551234567,US,2020-01-01,True,website,customer92@company.com,True,2,website,1
customer752@company.com,André,Kim,+442079460958,EU,2020-01-01,False,website,customer752@company.com,True,2,website,1
customer423@gmail.com,Mike,Kim,5551234567,EU,2020-01-01,False,website,customer423@gmail.com,True,2,"website,erp",2
customer290@company.com,André,Martínez,02079460958,APAC,2020-01-01,True,website,customer290@company.com,True,2,website,1
customer748@yahoo.com,John,Jones,5551234567,US,2020-01-02,False,website,customer748@yahoo.com,True,2,"website,erp",2
customer189@gmail.com,Sarah,Johnson,,EU,2020-01-03,False,website,customer189@gmail.com,True,2,website,1
customer135@gmail.com,José,González,+81312345678,EU,2020-01-03,False,website,customer135@gmail.com,True,2,website,1
customer728@company.com,François,Jones,+15551234567,US,2020-03-29,False,website,customer728@company.com,True,2,website,1
customer631@yahoo.com,Jane,Díaz,5551234567,EU,2020-03-29,False,website,customer631@yahoo.com,True,2,website,1
customer724@yahoo.com,François,Johnson,02079460958,US,2020-03-29,False,website,customer724@yahoo.com,True,2,website,1
customer12@gmail.com,André,Wang,+81312345678,EU,2020-03-30,True,website,customer12@gmail.com,True,2,website,1
customer535@yahoo.com,Alex,Kim,+15551234567,EU,2020-03-30,False,website,customer535@yahoo.com,True,2,website,1
customer451@yahoo.com,Léa,Brown,+442079460958,APAC,2020-03-30,False,website,customer451@yahoo.com,True,2,website,1
customer430@yahoo.com,John,Williams,5551234567,EU,2020-03-31,False,website,customer430@yahoo.com,True,2,website,1
customer712@yahoo.com,Jane,Jones,5551234567,US,2020-03-31,True,website,customer712@yahoo.com,True,2,website,1
customer722@company.com,Sam,Martínez,5551234567,EU,2020-03-31,False,website,customer722@company.com,True,2,"website,erp",2
customer651@gmail.com,Müller,Smith,+81312345678,EU,2020-04-01,False,website,customer651@gmail.com,True,2,"website,erp",2
customer292@yahoo.com,Léa,Martínez,5551234567,US,2020-04-01,False,website,customer292@yahoo.com,True,2,"website,erp",2
customer303@gmail.com,Maria,Jones,5551234567,EU,2020-04-01,False,website,customer303@gmail.com,True,2,"website,erp",2
customer354@gmail.com,André,Wang,+15551234567,EU,2020-04-02,False,website,customer354@gmail.com,True,2,website,1
customer302@company.com,André,Smith,5551234567,EU,2020-04-02,True,website,customer302@company.com,True,2,"website,erp",2
customer495@gmail.com,Jane,Kim,+15551234567,EU,2020-04-02,False,website,customer495@gmail.com,True,2,website,1
customer767@company.com,Léa,Jones,5551234567,US,2020-04-02,False,website,customer767@company.com,True,2,website,1
customer226@yahoo.com,André,Brown,5551234567,US,2020-04-03,True,website,customer226@yahoo.com,True,2,"website,erp",2
customer235@yahoo.com,Müller,Brown,,APAC,2020-04-03,False,website,customer235@yahoo.com,True,2,website,1
customer740@company.com,José,Wang,+15551234567,EU,2020-04-03,False,website,customer740@company.com,True,2,website,1
customer396@gmail.com,Sarah,Wang,+442079460958,APAC,2020-04-04,False,website,customer396@gmail.com,True,2,website,1
customer99@gmail.com,John,Johnson,+442079460958,APAC,2020-04-04,False,website,customer99@gmail.com,True,2,website,1
customer527@company.com,John,Wang,02079460958,EU,2020-04-04,False,website,customer527@company.com,True,2,"website,erp",2
customer458@company.com,Maria,Kim,02079460958,EU,2020-04-05,True,website,customer458@company.com,True,2,"website,erp",2
customer262@yahoo.com,Alex,Jones,5551234567,EU,2020-04-06,True,website,customer262@yahoo.com,True,2,website,1
customer273@gmail.com,O'Brien,López,+15551234567,APAC,2020-04-06,False,website,customer273@gmail.com,True,2,website,1
customer2@company.com,Maria,López,5551234567,EU,2020-04-07,False,website,customer2@company.com,True,2,website,1
customer148@yahoo.com,Chris,Kim,,,2020-04-07,False,website,customer148@yahoo.com,True,2,website,1
customer487@yahoo.com,Mike,Díaz,5551234567,EU,2020-04-07,False,website,customer487@yahoo.com,True,2,website,1
customer355@yahoo.com,Müller,Wang,5551234567,,2020-04-08,False,website,customer355@yahoo.com,True,2,website,1
customer251@company.com,Alex,Wang,+81312345678,US,2020-04-08,False,website,customer251@company.com,True,2,"website,erp",2
customer524@company.com,Sarah,Smith,+442079460958,APAC,2020-04-09,False,website,customer524@company.com,True,2,website,1
customer312@gmail.com,Mike,Martínez,+442079460958,US,2020-04-09,False,website,customer312@gmail.com,True,2,"website,erp",2
customer117@gmail.com,Chris,Kim,+15551234567,APAC,2020-04-09,False,website,customer117@gmail.com,True,2,website,1
customer53@company.com,Léa,Díaz,5551234567,US,2020-04-09,False,website,customer53@company.com,True,2,website,1
customer649@yahoo.com,Alex,López,5551234567,EU,2020-04-10,True,website,customer649@yahoo.com,True,2,website,1
customer43@yahoo.com,Jane,Smith,+15551234567,EU,2020-04-10,False,website,customer43@yahoo.com,True,2,"website,erp",2
customer52@yahoo.com,Maria,Martínez,5551234567,US,2020-04-10,False,website,customer52@yahoo.com,True,2,website,1
customer585@gmail.com,Mike,Brown,+15551234567,US,2020-04-10,False,website,customer585@gmail.com,True,2,"website,erp",2
customer676@yahoo.com,François,Garcia,+15551234567,EU,2020-04-11,False,website,customer676@yahoo.com,True,2,website,1
customer101@company.com,Chris,Williams,+81312345678,EU,2020-04-11,False,website,customer101@company.com,True,2,website,1
customer791@company.com,Maria,Smith,02079460958,APAC,2020-04-11,False,website,customer791@company.com,True,2,website,1
customer769@yahoo.com,Pat,Williams,5551234567,APAC,2020-04-11,False,website,customer769@yahoo.com,True,2,website,1
customer397@yahoo.com,José,Jones,+81312345678,EU,2020-04-11,False,website,customer397@yahoo.com,True,2,"website,erp",2
customer137@company.com,Sam,López,5551234567,US,2020-04-12,True,website,customer137@company.com,True,2,website,1
customer110@company.com,O'Brien,Johnson,5551234567,US,2020-04-12,True,website,customer110@company.com,True,2,website,1
customer16@yahoo.com,Müller,Brown,5551234567,US,2020-04-12,False,website,customer16@yahoo.com,True,2,website,1
customer779@company.com,Müller,Williams,,US,2020-04-13,False,website,customer779@company.com,True,2,website,1
customer181@yahoo.com,François,Smith,+81312345678,EU,2020-04-13,False,website,customer181@yahoo.com,True,2,"website,erp",2
customer739@yahoo.com,Léa,Díaz,5551234567,EU,2020-04-14,True,website,customer739@yahoo.com,True,2,"website,erp",2
customer377@company.com,Sam,Díaz,5551234567,EU,2020-04-14,False,website,customer377@company.com,True,2,"website,erp",2
customer187@yahoo.com,Chris,Garcia,5551234567,APAC,2020-04-14,True,website,customer187@yahoo.com,True,2,website,1
customer118@yahoo.com,François,Díaz,+15551234567,US,2020-04-14,False,website,customer118@yahoo.com,True,2,website,1
customer155@company.com,John,Williams,+15551234567,EU,2020-04-14,False,website,customer155@company.com,True,2,website,1
customer733@yahoo.com,O'Brien,Kim,02079460958,US,2020-04-17,False,website,customer733@yahoo.com,True,2,website,1
customer744@gmail.com,Chris,Williams,5551234567,EU,2020-04-17,False,website,customer744@gmail.com,True,2,website,1
customer133@yahoo.com,O'Brien,Johnson,+15551234567,APAC,2020-04-17,False,website,customer133@yahoo.com,True,2,"website,erp",2
customer390@gmail.com,José,Wang,+81312345678,US,2020-04-17,False,website,customer390@gmail.com,True,2,"website,erp",2
customer735@gmail.com,Müller,Garcia,02079460958,EU,2020-04-18,False,website,customer735@gmail.com,True,2,"website,erp",2
customer353@company.com,Léa,Brown,5551234567,EU,2020-05-14,True,website,customer353@company.com,True,2,"website,erp",2
customer518@company.com,Maria,González,5551234567,APAC,2020-04-18,False,website,customer518@company.com,True,2,website,1
customer637@yahoo.com,Müller,Wang,5551234567,US,2020-04-19,False,website,customer637@yahoo.com,True,2,"website,erp",2
customer11@company.com,André,Brown,+442079460958,US,2020-04-19,False,website,customer11@company.com,True,2,"website,erp",2
customer719@company.com,Müller,Garcia,5551234567,US,2020-04-19,False,website,customer719@company.com,True,2,website,1
customer372@gmail.com,Sam,González,+81312345678,APAC,2020-04-20,False,website,customer372@gmail.com,True,2,"website,erp",2
customer483@gmail.com,Maria,López,5551234567,US,2020-04-20,False,website,customer483@gmail.com,True,2,website,1
customer227@company.com,Maria,Brown,+442079460958,APAC,2020-04-20,True,website,customer227@company.com,True,2,website,1
customer503@company.com,Müller,Brown,02079460958,EU,2020-04-22,False,website,customer503@company.com,True,2,website,1
customer455@company.com,Maria,Wang,5551234567,US,2020-04-22,True,website,customer455@company.com,True,2,"website,erp",2
customer213@gmail.com,Léa,Wang,+81312345678,US,2020-04-22,True,website,customer213@gmail.com,True,2,website,1
customer643@yahoo.com,André,Kim,+442079460958,APAC,2020-04-22,False,website,customer643@yahoo.com,True,2,website,1
customer488@company.com,Müller,Garcia,5551234567,EU,2020-04-23,False,website,customer488@company.com,True,2,"website,erp",2
customer156@gmail.com,François,Garcia,02079460958,EU,2020-04-23,False,website,customer156@gmail.com,True,2,"website,erp",2
customer609@gmail.com,Müller,Johnson,02079460958,EU,2020-04-23,False,website,customer609@gmail.com,True,2,website,1
customer204@gmail.com,Sarah,Wang,+442079460958,APAC,2020-04-24,False,website,customer204@gmail.com,True,2,website,1
customer78@gmail.com,José,Jones,+442079460958,EU,2020-04-24,False,website,customer78@gmail.com,True,2,website,1
customer123@gmail.com,André,Smith,,EU,2020-04-24,False,website,customer123@gmail.com,True,2,website,1
customer630@gmail.com,John,Smith,02079460958,US,2020-04-25,False,website,customer630@gmail.com,True,2,"website,erp",2
customer433@yahoo.com,Léa,Johnson,+15551234567,EU,2020-04-26,False,website,customer433@yahoo.com,True,2,website,1
customer142@yahoo.com,John,Díaz,+15551234567,,2020-04-26,False,website,customer142@yahoo.com,True,2,website,1
customer799@yahoo.com,Sam,Garcia,+15551234567,APAC,2020-04-26,False,website,customer799@yahoo.com,True,2,website,1
customer89@company.com,John,Garcia,5551234567,EU,2020-04-27,False,website,customer89@company.com,True,2,website,1
customer491@company.com,John,González,+81312345678,EU,2020-04-27,False,website,customer491@company.com,True,2,website,1
customer198@gmail.com,André,Martínez,+81312345678,EU,2020-04-28,True,website,customer198@gmail.com,True,2,website,1
customer361@yahoo.com,Sam,Kim,5551234567,US,2020-04-28,True,website,customer361@yahoo.com,True,2,website,1
customer25@yahoo.com,John,Jones,5551234567,US,2020-04-28,False,website,customer25@yahoo.com,True,2,"website,erp",2
customer506@company.com,O'Brien,Wang,+15551234567,EU,2020-04-29,False,website,customer506@company.com,True,2,website,1
customer266@company.com,François,Williams,5551234567,EU,2020-04-29,True,website,customer266@company.com,True,2,website,1
customer460@yahoo.com,Müller,Martínez,+442079460958,EU,2020-04-29,False,website,customer460@yahoo.com,True,2,website,1
customer67@yahoo.com,José,Garcia,+15551234567,US,2020-04-30,True,website,customer67@yahoo.com,True,2,"website,erp",2
customer490@yahoo.com,John,Wang,02079460958,US,2020-04-30,False,website,customer490@yahoo.com,True,2,website,1
customer563@company.com,François,Johnson,5551234567,APAC,2020-05-01,False,website,customer563@company.com,True,2,website,1
customer215@company.com,John,Martínez,02079460958,US,2020-05-01,False,website,customer215@company.com,True,2,website,1
customer558@gmail.com,John,Williams,02079460958,APAC,2020-05-02,False,website,customer558@gmail.com,True,2,website,1
customer158@company.com,Müller,Kim,+15551234567,US,2020-05-02,False,website,customer158@company.com,True,2,website,1
customer685@yahoo.com,Alex,Garcia,5551234567,APAC,2020-05-02,False,website,customer685@yahoo.com,True,2,website,1
customer241@yahoo.com,O'Brien,Díaz,5551234567,EU,2020-05-02,False,website,customer241@yahoo.com,True,2,website,1
customer793@yahoo.com,José,López,02079460958,EU,2020-05-03,False,website,customer793@yahoo.com,True,2,"website,erp",2
customer4@yahoo.com,Sarah,Martínez,+81312345678,US,2020-05-03,True,website,customer4@yahoo.com,True,2,"website,erp",2
customer360@gmail.com,Chris,Smith,5551234567,US,2020-05-03,False,website,customer360@gmail.com,True,2,website,1
customer247@yahoo.com,Jane,González,5551234567,US,2020-05-04,False,website,customer247@yahoo.com,True,2,website,1
customer737@company.com,Müller,Smith,+81312345678,EU,2020-05-04,False,website,customer737@company.com,True,2,website,1
customer572@company.com,Chris,Brown,+81312345678,EU,2020-05-05,False,website,customer572@company.com,True,2,website,1
customer452@company.com,André,Williams,5551234567,APAC,2020-05-05,False,website,customer452@company.com,True,2,website,1
customer389@company.com,Chris,Smith,+81312345678,US,2020-05-06,False,website,customer389@company.com,True,2,website,1
customer293@company.com,Maria,González,5551234567,APAC,2020-05-06,False,website,customer293@company.com,True,2,website,1
customer597@gmail.com,Maria,Johnson,02079460958,EU,2020-05-06,False,website,customer597@gmail.com,True,2,website,1
customer589@yahoo.com,Chris,Smith,,EU,2020-05-07,False,website,customer589@yahoo.com,True,2,website,1
customer517@yahoo.com,Jane,López,,US,2020-05-08,True,website,customer517@yahoo.com,True,2,website,1
customer427@yahoo.com,John,Williams,,US,2020-05-08,False,website,customer427@yahoo.com,True,2,website,1
customer492@gmail.com,Léa,Brown,+442079460958,EU,2020-05-08,False,website,customer492@gmail.com,True,2,website,1
customer619@yahoo.com,Léa,López,+15551234567,US,2020-05-09,False,website,customer619@yahoo.com,True,2,"website,erp",2
customer720@gmail.com,Pat,Smith,+442079460958,EU,2020-05-09,False,website,customer720@gmail.com,True,2,website,1
customer751@yahoo.com,Alex,Díaz,,EU,2020-05-09,True,website,customer751@yahoo.com,True,2,website,1
customer332@company.com,Léa,Kim,+81312345678,US,2020-05-09,False,website,customer332@company.com,True,2,website,1
customer49@yahoo.com,Alex,Smith,+81312345678,US,2020-05-10,False,website,customer49@yahoo.com,True,2,website,1
customer581@company.com,Sam,González,5551234567,US,2020-05-10,False,website,customer581@company.com,True,2,website,1
customer271@yahoo.com,André,López,+15551234567,US,2020-05-11,False,website,customer271@yahoo.com,True,2,"website,erp",2
customer579@gmail.com,Sarah,Wang,+442079460958,EU,2020-05-11,False,website,customer579@gmail.com,True,2,"website,erp",2
customer559@yahoo.com,Chris,González,+15551234567,EU,2020-05-11,False,website,customer559@yahoo.com,True,2,"website,erp",2
customer18@gmail.com,José,Kim,5551234567,APAC,2020-05-13,True,website,customer18@gmail.com,True,2,"website,erp",2
customer153@gmail.com,Maria,Martínez,+442079460958,US,2020-05-13,True,website,customer153@gmail.com,True,2,"website,erp",2
customer124@yahoo.com,Mike,Kim,02079460958,US,2020-05-14,False,website,customer124@yahoo.com,True,2,website,1
customer343@yahoo.com,Pat,Johnson,5551234567,EU,2020-01-05,True,website,customer343@yahoo.com,True,2,website,1
customer272@company.com,John,Jones,+442079460958,EU,2020-05-14,True,website,customer272@company.com,True,2,"website,erp",2
customer244@yahoo.com,Chris,Martínez,+15551234567,APAC,2020-05-15,False,website,customer244@yahoo.com,True,2,"website,erp",2
customer449@company.com,John,Martínez,+442079460958,APAC,2020-05-15,False,website,customer449@company.com,True,2,website,1
customer246@gmail.com,José,Martínez,,APAC,2020-05-15,False,website,customer246@gmail.com,True,2,website,1
customer140@company.com,John,Martínez,5551234567,APAC,2020-05-15,False,website,customer140@company.com,True,2,"website,erp",2
customer7@yahoo.com,Maria,Smith,02079460958,US,2020-05-16,False,website,customer7@yahoo.com,True,2,"website,erp",2
customer477@gmail.com,Alex,Smith,+442079460958,,2020-05-16,False,website,customer477@gmail.com,True,2,website,1
customer351@gmail.com,Sam,Wang,,APAC,2020-05-16,False,website,customer351@gmail.com,True,2,website,1
customer38@company.com,Mike,Díaz,02079460958,APAC,2020-05-17,False,website,customer38@company.com,True,2,"website,erp",2
customer592@yahoo.com,John,Williams,02079460958,EU,2020-05-17,False,website,customer592@yahoo.com,True,2,"website,erp",2
customer753@gmail.com,John,González,02079460958,EU,2020-05-18,False,website,customer753@gmail.com,True,2,website,1
customer136@yahoo.com,Léa,Kim,+81312345678,EU,2020-05-18,True,website,customer136@yahoo.com,True,2,website,1
customer547@yahoo.com,Pat,Kim,,US,2020-05-19,False,website,customer547@yahoo.com,True,2,website,1
customer169@yahoo.com,Maria,Jones,5551234567,APAC,2020-05-20,False,website,customer169@yahoo.com,True,2,"website,erp",2
customer763@yahoo.com,Pat,Wang,02079460958,EU,2020-05-20,True,website,customer763@yahoo.com,True,2,website,1
customer321@gmail.com,José,González,+442079460958,EU,2020-05-20,False,website,customer321@gmail.com,True,2,"website,erp",2
customer602@company.com,Maria,Garcia,5551234567,EU,2020-05-21,False,website,customer602@company.com,True,2,website,1
customer789@gmail.com,Mike,Jones,+81312345678,APAC,2020-05-21,False,website,customer789@gmail.com,True,2,website,1
customer450@gmail.com,Pat,Brown,+442079460958,EU,2020-05-22,False,website,customer450@gmail.com,True,2,website,1
customer264@gmail.com,John,Johnson,+81312345678,US,2020-05-22,False,website,customer264@gmail.com,True,2,"website,erp",2
customer759@gmail.com,Mike,González,5551234567,EU,2020-05-23,False,website,customer759@gmail.com,True,2,website,1
customer666@gmail.com,Mike,Johnson,+81312345678,EU,2020-05-23,True,website,customer666@gmail.com,True,2,website,1
customer498@gmail.com,Chris,Johnson,02079460958,APAC,2020-05-23,False,website,customer498@gmail.com,True,2,website,1
customer604@yahoo.com,Mike,Díaz,02079460958,APAC,2020-05-24,True,website,customer604@yahoo.com,True,2,"website,erp",2
customer326@company.com,John,Garcia,5551234567,US,2020-05-24,False,website,customer326@company.com,True,2,"website,erp",2
customer628@yahoo.com,Pat,Williams,+442079460958,APAC,2020-05-25,False,website,customer628@yahoo.com,True,2,website,1
customer610@yahoo.com,Léa,López,02079460958,EU,2020-05-25,False,website,customer610@yahoo.com,True,2,website,1
customer624@gmail.com,François,Brown,,APAC,2020-05-25,False,website,customer624@gmail.com,True,2,website,1
customer684@gmail.com,François,López,+442079460958,EU,2020-05-26,True,website,customer684@gmail.com,True,2,website,1
customer323@company.com,Alex,López,5551234567,EU,2020-05-27,False,website,customer323@company.com,True,2,website,1
customer768@gmail.com,Sam,Johnson,+15551234567,EU,2020-05-28,False,website,customer768@gmail.com,True,2,website,1
customer57@gmail.com,Léa,González,+15551234567,,2020-05-28,False,website,customer57@gmail.com,True,2,website,1
customer627@gmail.com,André,Wang,+15551234567,US,2020-05-28,True,website,customer627@gmail.com,True,2,website,1
customer265@yahoo.com,Alex,Johnson,5551234567,EU,2020-05-28,False,website,customer265@yahoo.com,True,2,"website,erp",2
customer314@company.com,François,Brown,02079460958,US,2020-05-29,False,website,customer314@company.com,True,2,website,1
customer714@gmail.com,Sarah,Johnson,5551234567,APAC,2020-05-29,False,website,customer714@gmail.com,True,2,"website,erp",2
customer40@yahoo.com,Jane,Smith,+81312345678,US,2020-05-29,False,website,customer40@yahoo.com,True,2,website,1
customer104@company.com,Sarah,Garcia,+15551234567,APAC,2020-05-29,True,website,customer104@company.com,True,2,"website,erp",2
customer192@gmail.com,John,Jones,+442079460958,US,2020-05-29,False,website,customer192@gmail.com,True,2,website,1
customer400@yahoo.com,Sam,Brown,+81312345678,US,2020-05-29,False,website,customer400@yahoo.com,True,2,website,1
customer732@gmail.com,Jane,Martínez,+81312345678,APAC,2020-05-30,False,website,customer732@gmail.com,True,2,website,1
customer708@gmail.com,André,Williams,,APAC,2020-05-30,True,website,customer708@gmail.com,True,2,"website,erp",2
customer255@gmail.com,Léa,Johnson,+15551234567,APAC,2020-05-31,False,website,customer255@gmail.com,True,2,website,1
customer650@company.com,Alex,Brown,02079460958,US,2020-05-31,False,website,customer650@company.com,True,2,"website,erp",2
customer660@gmail.com,Müller,Jones,+15551234567,EU,2020-05-31,False,website,customer660@gmail.com,True,2,website,1
customer587@company.com,John,Jones,+81312345678,US,2020-05-31,False,website,customer587@company.com,True,2,website,1
customer281@company.com,Alex,Kim,+442079460958,US,2020-05-31,False,website,customer281@company.com,True,2,"website,erp",2
customer108@gmail.com,O'Brien,Garcia,+81312345678,US,2020-06-01,True,website,customer108@gmail.com,True,2,website,1
customer551@company.com,Alex,Wang,5551234567,US,2020-06-02,True,website,customer551@company.com,True,2,website,1
customer131@company.com,Mike,Martínez,+442079460958,EU,2020-06-02,False,website,customer131@company.com,True,2,"website,erp",2
customer790@yahoo.com,Sarah,Kim,,APAC,2020-06-03,True,website,customer790@yahoo.com,True,2,"website,erp",2
customer398@company.com,Sam,González,+81312345678,US,2020-06-03,False,website,customer398@company.com,True,2,website,1
customer220@yahoo.com,John,Brown,+442079460958,EU,2020-06-04,False,website,customer220@yahoo.com,True,2,"website,erp",2
customer367@yahoo.com,Léa,Martínez,+15551234567,APAC,2020-06-04,False,website,customer367@yahoo.com,True,2,"website,erp",2
customer614@company.com,Maria,Garcia,+81312345678,APAC,2020-06-04,False,website,customer614@company.com,True,2,website,1
customer493@yahoo.com,Maria,Johnson,+81312345678,APAC,2020-06-05,False,website,customer493@yahoo.com,True,2,website,1
customer504@gmail.com,François,Díaz,+81312345678,APAC,2020-06-05,False,website,customer504@gmail.com,True,2,website,1
customer474@gmail.com,Jane,López,5551234567,APAC,2020-06-05,True,website,customer474@gmail.com,True,2,website,1
customer270@gmail.com,Jane,Martínez,,EU,2020-06-05,True,website,customer270@gmail.com,True,2,website,1
customer706@yahoo.com,Müller,Johnson,,US,2020-06-06,False,website,customer706@yahoo.com,True,2,website,1
customer366@gmail.com,Alex,Jones,5551234567,APAC,2020-06-06,False,website,customer366@gmail.com,True,2,"website,erp",2
customer39@gmail.com,Mike,Garcia,02079460958,,2020-06-06,False,website,customer39@gmail.com,True,2,"website,erp",2
customer163@yahoo.com,Sam,Williams,5551234567,EU,2020-06-07,True,website,customer163@yahoo.com,True,2,"website,erp",2
customer580@yahoo.com,Léa,Jones,5551234567,APAC,2020-06-08,True,website,customer580@yahoo.com,True,2,website,1
customer253@yahoo.com,Sarah,Williams,+442079460958,US,2020-06-09,True,website,customer253@yahoo.com,True,2,website,1
customer679@yahoo.com,Maria,Brown,5551234567,APAC,2020-06-10,False,website,customer679@yahoo.com,True,2,"website,erp",2
customer316@yahoo.com,José,Martínez,02079460958,EU,2020-06-11,False,website,customer316@yahoo.com,True,2,"website,erp",2
customer383@company.com,Müller,López,+442079460958,APAC,2020-06-11,False,website,customer383@company.com,True,2,website,1
customer341@company.com,André,Jones,+442079460958,APAC,2020-06-12,False,website,customer341@company.com,True,2,"website,erp",2
customer168@gmail.com,Mike,Williams,+442079460958,US,2020-06-13,False,website,customer168@gmail.com,True,2,website,1
customer305@company.com,Chris,López,+81312345678,US,2020-06-13,False,website,customer305@company.com,True,2,website,1
customer541@yahoo.com,O'Brien,Kim,5551234567,US,2020-06-13,True,website,customer541@yahoo.com,True,2,website,1
customer701@company.com,Alex,González,5551234567,EU,2020-06-13,False,website,customer701@company.com,True,2,website,1
customer410@company.com,Alex,Williams,5551234567,APAC,2020-06-14,False,website,customer410@company.com,True,2,website,1
customer611@company.com,Maria,Williams,+15551234567,US,2020-03-26,True,website,customer611@company.com,True,2,website,1
customer82@yahoo.com,O'Brien,Williams,+81312345678,EU,2020-03-27,False,website,customer82@yahoo.com,True,2,"website,erp",2
customer197@company.com,José,Kim,5551234567,APAC,2020-03-27,False,website,customer197@company.com,True,2,website,1
customer623@company.com,Léa,Williams,02079460958,US,2020-03-27,True,website,customer623@company.com,True,2,website,1
customer567@gmail.com,François,Johnson,5551234567,EU,2020-03-27,True,website,customer567@gmail.com,True,2,website,1
customer632@company.com,Léa,Jones,5551234567,,2020-03-25,False,website,customer632@company.com,True,2,website,1
customer576@gmail.com,Sam,López,5551234567,US,2020-03-25,False,website,customer576@gmail.com,True,2,"website,erp",2
customer658@yahoo.com,John,Williams,+442079460958,US,2020-03-26,False,website,customer658@yahoo.com,True,2,website,1
customer205@yahoo.com,Müller,Wang,+442079460958,US,2020-06-14,False,website,customer205@yahoo.com,True,2,website,1
customer184@yahoo.com,John,Johnson,+15551234567,US,2020-06-14,False,website,customer184@yahoo.com,True,2,website,1
customer378@gmail.com,Müller,González,+442079460958,EU,2020-06-15,False,website,customer378@gmail.com,True,2,website,1
customer550@yahoo.com,José,Smith,5551234567,EU,2020-06-15,False,website,customer550@yahoo.com,True,2,website,1
customer560@company.com,John,Wang,+442079460958,EU,2020-03-22,False,website,customer560@company.com,True,2,website,1
customer590@company.com,Sam,Garcia,5551234567,,2020-03-22,False,website,customer590@company.com,True,2,website,1
customer240@gmail.com,André,Martínez,,EU,2020-03-23,False,website,customer240@gmail.com,True,2,website,1
customer785@company.com,José,Johnson,5551234567,US,2020-03-23,False,website,customer785@company.com,True,2,"website,erp",2
customer95@company.com,Sarah,Kim,+81312345678,APAC,2020-03-23,False,website,customer95@company.com,True,2,website,1
customer725@company.com,Müller,Kim,5551234567,APAC,2020-03-23,True,website,customer725@company.com,True,2,website,1
customer702@gmail.com,John,Díaz,5551234567,US,2020-03-20,False,website,customer702@gmail.com,True,2,website,1
customer543@gmail.com,Léa,Díaz,+81312345678,EU,2020-03-17,False,website,customer543@gmail.com,True,2,website,1
customer659@company.com,José,Williams,5551234567,EU,2020-03-18,False,website,customer659@company.com,True,2,website,1
customer407@company.com,Sam,Kim,+442079460958,EU,2020-03-19,False,website,customer407@company.com,True,2,website,1
customer320@company.com,Jane,Kim,+15551234567,,2020-03-14,False,website,customer320@company.com,True,2,website,1
customer436@yahoo.com,Léa,Martínez,5551234567,EU,2020-03-15,False,website,customer436@yahoo.com,True,2,website,1
customer182@company.com,François,Díaz,5551234567,EU,2020-03-16,False,website,customer182@company.com,True,2,website,1
customer183@gmail.com,Pat,Williams,+442079460958,APAC,2020-03-12,False,website,customer183@gmail.com,True,2,"website,erp",2
customer507@gmail.com,François,Brown,5551234567,EU,2020-03-12,True,website,customer507@gmail.com,True,2,website,1
customer294@gmail.com,Maria,Wang,+15551234567,,2020-03-12,False,website,customer294@gmail.com,True,2,website,1
customer214@yahoo.com,Mike,Wang,5551234567,US,2020-03-13,False,website,customer214@yahoo.com,True,2,"website,erp",2
customer26@company.com,Sarah,Johnson,+442079460958,APAC,2020-03-13,False,website,customer26@company.com,True,2,website,1
customer629@company.com,O'Brien,López,02079460958,US,2020-03-13,False,website,customer629@company.com,True,2,website,1
customer357@gmail.com,Pat,Brown,+442079460958,EU,2020-03-09,True,website,customer357@gmail.com,True,2,website,1
customer745@yahoo.com,Müller,Kim,02079460958,US,2020-03-10,False,website,customer745@yahoo.com,True,2,"website,erp",2
customer743@company.com,Alex,Kim,+81312345678,EU,2020-03-04,True,website,customer743@company.com,True,2,website,1
customer647@company.com,José,López,5551234567,US,2020-03-04,False,website,customer647@company.com,True,2,website,1
customer200@company.com,Sam,González,5551234567,US,2020-03-05,True,website,customer200@company.com,True,2,website,1
customer126@gmail.com,Jane,Brown,+442079460958,EU,2020-03-05,False,website,customer126@gmail.com,True,2,website,1
customer193@yahoo.com,John,Johnson,+442079460958,APAC,2020-03-06,False,website,customer193@yahoo.com,True,2,website,1
customer369@gmail.com,Mike,Williams,,EU,2020-03-02,False,website,customer369@gmail.com,True,2,website,1
customer263@company.com,John,González,,EU,2020-03-02,False,website,customer263@company.com,True,2,website,1
customer112@yahoo.com,Mike,Jones,,EU,2020-03-02,False,website,customer112@yahoo.com,True,2,website,1
customer578@company.com,Sam,González,5551234567,EU,2020-03-03,True,website,customer578@company.com,True,2,website,1
customer479@company.com,Mike,López,,US,2020-02-27,False,website,customer479@company.com,True,2,website,1
customer682@yahoo.com,Mike,Garcia,,EU,2020-02-28,False,website,customer682@yahoo.com,True,2,website,1
customer125@company.com,Maria,Garcia,+15551234567,EU,2020-02-28,False,website,customer125@company.com,True,2,website,1
customer574@yahoo.com,Mike,Williams,5551234567,APAC,2020-02-26,False,website,customer574@yahoo.com,True,2,website,1
customer322@yahoo.com,Alex,Garcia,,APAC,2020-02-26,False,website,customer322@yahoo.com,True,2,website,1
customer442@yahoo.com,Pat,Díaz,+442079460958,EU,2020-02-26,False,website,customer442@yahoo.com,True,2,website,1
customer286@yahoo.com,Sam,Wang,5551234567,EU,2020-02-27,False,website,customer286@yahoo.com,True,2,website,1
customer771@gmail.com,John,Williams,+15551234567,EU,2020-02-24,True,website,customer771@gmail.com,True,2,website,1
customer364@yahoo.com,Alex,Wang,+15551234567,US,2020-02-24,False,website,customer364@yahoo.com,True,2,website,1
customer523@yahoo.com,Mike,Brown,,,2020-02-19,False,website,customer523@yahoo.com,True,2,website,1
customer665@company.com,Alex,Williams,+15551234567,APAC,2020-02-20,False,website,customer665@company.com,True,2,website,1
customer694@yahoo.com,Maria,López,5551234567,EU,2020-02-20,False,website,customer694@yahoo.com,True,2,"website,erp",2
customer761@company.com,François,Martínez,+81312345678,EU,2020-02-21,False,website,customer761@company.com,True,2,"website,erp",2
customer416@company.com,Léa,Kim,02079460958,US,2020-02-21,True,website,customer416@company.com,True,2,website,1
customer283@yahoo.com,Alex,López,+81312345678,EU,2020-02-15,True,website,customer283@yahoo.com,True,2,website,1
customer63@gmail.com,Sarah,Brown,,US,2020-02-16,False,website,customer63@gmail.com,True,2,website,1
customer299@company.com,André,Martínez,,APAC,2020-02-11,False,website,customer299@company.com,True,2,website,1
customer384@gmail.com,François,Martínez,02079460958,EU,2020-02-12,False,website,customer384@gmail.com,True,2,website,1
customer434@company.com,John,Kim,+15551234567,APAC,2020-02-13,False,website,customer434@company.com,True,2,"website,erp",2
customer304@yahoo.com,José,Kim,02079460958,US,2020-02-09,False,website,customer304@yahoo.com,True,2,website,1
customer553@yahoo.com,Sam,González,5551234567,EU,2020-02-09,False,website,customer553@yahoo.com,True,2,website,1
customer415@yahoo.com,Alex,Díaz,,EU,2020-02-10,False,website,customer415@yahoo.com,True,2,website,1
customer562@yahoo.com,Chris,Johnson,+15551234567,US,2020-02-10,False,website,customer562@yahoo.com,True,2,"website,erp",2
customer382@yahoo.com,Léa,Garcia,,US,2020-02-11,True,website,customer382@yahoo.com,True,2,website,1
customer707@company.com,Maria,Jones,+442079460958,US,2020-02-06,False,website,customer707@company.com,True,2,website,1
customer368@company.com,Mike,Wang,,EU,2020-02-06,False,website,customer368@company.com,True,2,website,1
customer499@yahoo.com,Chris,Jones,02079460958,US,2020-02-07,True,website,customer499@yahoo.com,True,2,website,1
customer68@company.com,O'Brien,Williams,+15551234567,,2020-02-08,False,website,customer68@company.com,True,2,"website,erp",2
customer447@gmail.com,André,Brown,,EU,2020-02-03,False,website,customer447@gmail.com,True,2,website,1
customer484@yahoo.com,Jane,Williams,+81312345678,US,2020-02-04,True,website,customer484@yahoo.com,True,2,website,1
customer34@yahoo.com,Maria,Kim,5551234567,APAC,2020-02-05,False,website,customer34@yahoo.com,True,2,website,1
customer668@company.com,Chris,Johnson,,,2020-01-29,False,website,customer668@company.com,True,2,website,1
customer418@yahoo.com,Alex,Wang,+442079460958,US,2020-01-29,False,website,customer418@yahoo.com,True,2,"website,erp",2
customer575@company.com,Pat,Martínez,02079460958,US,2020-01-30,False,website,customer575@company.com,True,2,website,1
customer687@gmail.com,Sam,Garcia,5551234567,US,2020-01-31,False,website,customer687@gmail.com,True,2,"website,erp",2
customer6@gmail.com,Pat,Wang,,US,2020-01-27,False,website,customer6@gmail.com,True,2,website,1
customer195@gmail.com,Sarah,Brown,+15551234567,EU,2020-01-28,False,website,customer195@gmail.com,True,2,"website,erp",2
customer147@gmail.com,Maria,Kim,,EU,2020-01-28,False,website,customer147@gmail.com,True,2,website,1
customer633@gmail.com,O'Brien,Brown,5551234567,US,2020-01-24,False,website,customer633@gmail.com,True,2,website,1
customer363@gmail.com,Chris,Garcia,,EU,2020-01-24,False,website,customer363@gmail.com,True,2,website,1
customer171@gmail.com,Chris,Garcia,5551234567,US,2020-01-25,False,website,customer171@gmail.com,True,2,website,1
customer62@company.com,John,Brown,5551234567,US,2020-01-25,False,website,customer62@company.com,True,2,website,1
customer795@gmail.com,Léa,Williams,5551234567,APAC,2020-01-22,False,website,customer795@gmail.com,True,2,website,1
customer428@company.com,Chris,Williams,5551234567,EU,2020-01-23,False,website,customer428@company.com,True,2,website,1
customer295@yahoo.com,Maria,Smith,5551234567,EU,2020-01-19,False,website,customer295@yahoo.com,True,2,website,1
customer257@company.com,Pat,González,02079460958,US,2020-01-19,True,website,customer257@company.com,True,2,"website,erp",2
customer80@company.com,John,González,5551234567,US,2020-01-19,False,website,customer80@company.com,True,2,website,1
customer267@gmail.com,O'Brien,González,+442079460958,APAC,2020-01-20,False,website,customer267@gmail.com,True,2,"website,erp",2
customer152@company.com,André,López,,US,2020-01-11,False,website,customer152@company.com,True,2,website,1
customer173@company.com,Jane,Jones,5551234567,APAC,2020-01-11,True,website,customer173@company.com,True,2,website,1
customer693@gmail.com,O'Brien,Brown,+15551234567,,2019-07-01,False,erp,customer693@gmail.com,True,3,erp,1
customer308@company.com,Jane,Garcia,5551234567,US,2019-07-01,False,erp,customer308@company.com,True,3,erp,1
customer17@company.com,Alex,López,+442079460958,EU,2019-12-01,False,erp,customer17@company.com,True,3,erp,1
customer352@yahoo.com,Sam,Kim,5551234567,,,False,erp,customer352@yahoo.com,True,3,erp,1
customer346@yahoo.com,Léa,Brown,02079460958,APAC,,False,erp,customer346@yahoo.com,True,3,erp,1
customer318@gmail.com,Maria,Brown,+15551234567,EU,2019-07-01,False,erp,customer318@gmail.com,True,3,erp,1
customer252@gmail.com,Müller,Williams,,EU,2019-09-01,False,erp,customer252@gmail.com,True,3,erp,1
customer661@yahoo.com,O'Brien,Brown,02079460958,US,2019-11-01,False,erp,customer661@yahoo.com,True,3,erp,1
customer41@company.com,John,Johnson,+442079460958,,,False,erp,customer41@company.com,True,3,erp,1
customer60@gmail.com,Maria,González,02079460958,,2019-04-01,False,erp,customer60@gmail.com,True,3,erp,1
customer33@gmail.com,José,Johnson,5551234567,US,2019-04-01,False,erp,customer33@gmail.com,True,3,erp,1
customer738@gmail.com,Jane,Williams,,,,False,erp,customer738@gmail.com,True,3,erp,1
customer471@gmail.com,Pat,Johnson,+81312345678,APAC,,False,erp,customer471@gmail.com,True,3,erp,1
customer345@gmail.com,Chris,Brown,+81312345678,APAC,2019-01-01,False,erp,customer345@gmail.com,True,3,erp,1
customer723@gmail.com,André,López,+442079460958,,,False,erp,customer723@gmail.com,True,3,erp,1
customer179@company.com,Alex,Garcia,5551234567,US,2019-08-01,False,erp,customer179@company.com,True,3,erp,1
customer531@gmail.com,Sam,Williams,,,2019-02-01,False,erp,customer531@gmail.com,True,3,erp,1
customer91@yahoo.com,Maria,Brown,5551234567,EU,2019-06-01,False,erp,customer91@yahoo.com,True,3,erp,1
customer481@yahoo.com,Alex,López,+15551234567,US,2019-12-01,False,erp,customer481@yahoo.com,True,3,erp,1
customer569@company.com,Sam,Garcia,+81312345678,,,False,erp,customer569@company.com,True,3,erp,1
customer472@yahoo.com,José,Díaz,+15551234567,US,2019-08-01,False,erp,customer472@yahoo.com,True,3,erp,1
customer185@company.com,Maria,Martínez,,EU,2019-04-01,False,erp,customer185@company.com,True,3,erp,1
customer178@yahoo.com,Sarah,Wang,,US,2019-07-01,False,erp,customer178@yahoo.com,True,3,erp,1
customer529@yahoo.com,Müller,López,5551234567,APAC,2019-07-01,False,erp,customer529@yahoo.com,True,3,erp,1
customer696@gmail.com,Léa,Martínez,+15551234567,,,False,erp,customer696@gmail.com,True,3,erp,1
customer606@gmail.com,Maria,Smith,+15551234567,,,False,erp,customer606@gmail.com,True,3,erp,1
customer588@gmail.com,André,López,+442079460958,,,False,erp,customer588@gmail.com,True,3,erp,1
customer766@yahoo.com,Léa,González,,APAC,2019-06-01,False,erp,customer766@yahoo.com,True,3,erp,1
customer31@yahoo.com,Müller,Kim,+442079460958,APAC,2019-08-01,False,erp,customer31@yahoo.com,True,3,erp,1
customer774@gmail.com,Alex,Kim,+15551234567,APAC,,False,erp,customer774@gmail.com,True,3,erp,1
customer144@gmail.com,Chris,Smith,02079460958,,,False,erp,customer144@gmail.com,True,3,erp,1
double@@sign.com,Léa,Smith,,APAC,2021-10-01,True,crm,double@@sign.com,False,1,,1
double@@sign.com,Mike,Kim,5551234567,US,2022-07-01,False,crm,double@@sign.com,False,1,,1
@nodomain.com,François,Kim,5551234567,,2022-06-01,False,crm,@nodomain.com,False,1,,1
,Müller,Smith,+81312345678,APAC,2021-09-01,False,crm,,False,1,,1
,Maria,López,+15551234567,EU,2021-07-01,False,crm,,False,1,,1
,Sam,Williams,5551234567,EU,2020-04-06,False,website,,False,2,,1
missing@,Alex,Kim,5551234567,APAC,2020-03-07,False,website,missing@,False,2,,1
